Id,Name,Surname,Initials,Age,DateOfBirth
1,Michael,Gonzalez,M,25,26/01/2000
2,Patricia,Miller,P,52,17/03/1972
3,James,Taylor,J,85,29/12/1939
4,James,Garcia,J,32,15/02/1992
5,Mary,Taylor,M,58,02/05/1966
6,John,Hernandez,J,80,02/05/1944
7,Robert,Garcia,R,52,13/04/1972
8,Joseph,Davis,J,55,07/08/1969
9,John,Martin,J,42,05/11/1982
10,Michael,Moore,M,85,18/11/1939
11,Richard,Martin,R,47,28/05/1977
12,Susan,Jackson,S,27,09/05/1997
13,Mary,Taylor,M,32,26/06/1992
14,Patricia,Martinez,P,38,27/01/1987
15,David,Taylor,D,75,29/08/1949
16,Barbara,Moore,B,52,24/09/1972
17,David,Davis,D,29,17/04/1995
18,Jennifer,Jones,J,57,22/07/1967
19,Robert,Martin,R,64,20/08/1960
20,Linda,Gonzalez,L,38,24/01/1987
21,Susan,Jackson,S,19,12/12/2005
22,Richard,Jackson,R,70,06/06/1954
23,Elizabeth,Gonzalez,E,55,22/10/1969
24,James,Miller,J,70,01/02/1955
25,Elizabeth,Johnson,E,82,17/10/1942
26,John,Anderson,J,31,22/03/1993
27,Thomas,Johnson,T,85,01/03/1939
28,John,Martinez,J,33,19/04/1991
29,Susan,Davis,S,26,20/03/1998
30,Mary,Johnson,M,80,29/06/1944
31,John,Anderson,J,52,27/10/1972
32,Mary,Brown,M,47,05/01/1978
33,William,Taylor,W,68,23/12/1956
34,Charles,Martinez,C,67,26/03/1957
35,Linda,Davis,L,34,21/05/1990
36,Sarah,Miller,S,22,03/05/2002
37,Linda,Brown,L,22,22/06/2002
38,John,Taylor,J,22,17/11/2002
39,Robert,Jackson,R,33,23/09/1991
40,Susan,Anderson,S,47,14/11/1977
41,Robert,Brown,R,19,07/06/2005
42,Sarah,Garcia,S,64,14/07/1960
43,Mary,Garcia,M,61,18/09/1963
44,Mary,Miller,M,18,03/06/2006
45,Sarah,Thomas,S,89,07/04/1935
46,Mary,Gonzalez,M,18,14/07/2006
47,Robert,Anderson,R,22,10/09/2002
48,David,Brown,D,31,27/08/1993
49,Sarah,Davis,S,59,05/05/1965
50,William,Moore,W,86,12/06/1938
51,Mary,Taylor,M,75,07/03/1949
52,Mary,Smith,M,80,12/06/1944
53,Susan,Williams,S,27,30/05/1997
54,Patricia,Rodriguez,P,76,31/12/1948
55,Jennifer,Martin,J,87,22/09/1937
56,Barbara,Martinez,B,67,12/12/1957
57,John,Brown,J,88,22/07/1936
58,Richard,Gonzalez,R,21,28/01/2004
59,James,Davis,J,44,03/07/1980
60,Thomas,Thomas,T,85,02/02/1940
61,Robert,Smith,R,40,18/06/1984
62,Elizabeth,Davis,E,54,21/03/1970
63,Charles,Smith,C,55,01/03/1969
64,Jessica,Moore,J,53,29/04/1971
65,James,Jones,J,78,09/05/1946
66,James,Jones,J,42,08/05/1982
67,William,Smith,W,38,16/01/1987
68,Richard,Martinez,R,52,17/01/1973
69,Sarah,Rodriguez,S,70,13/10/1954
70,Linda,Rodriguez,L,90,16/09/1934
71,Joseph,Hernandez,J,79,07/03/1945
72,James,Gonzalez,J,75,13/02/1950
73,Karen,Jackson,K,44,01/06/1980
74,Thomas,Moore,T,67,26/02/1957
75,John,Anderson,J,41,14/07/1983
76,Sarah,Davis,S,27,07/03/1997
77,James,Martinez,J,86,06/09/1938
78,Charles,Williams,C,24,14/01/2001
79,Elizabeth,Brown,E,59,21/12/1965
80,James,Rodriguez,J,40,25/08/1984
81,John,Thomas,J,77,20/10/1947
82,Michael,Hernandez,M,26,17/09/1998
83,Joseph,Garcia,J,67,27/01/1958
84,Michael,Martinez,M,69,11/12/1955
85,Richard,Rodriguez,R,39,01/08/1985
86,Karen,Johnson,K,44,14/01/1981
87,Richard,Brown,R,44,30/08/1980
88,Karen,Garcia,K,61,29/12/1963
89,Richard,Johnson,R,28,28/12/1996
90,Richard,Garcia,R,66,02/02/1959
91,Charles,Davis,C,59,10/05/1965
92,William,Davis,W,79,20/12/1945
93,Linda,Martin,L,25,23/01/2000
94,Linda,Johnson,L,23,26/02/2001
95,Charles,Rodriguez,C,52,03/08/1972
96,David,Taylor,D,46,25/11/1978
97,Robert,Jackson,R,69,05/06/1955
98,Karen,Jackson,K,74,22/01/1951
99,Susan,Davis,S,80,22/11/1944
100,Susan,Davis,S,71,07/02/1954
