"Id","Name","Surname","Initials","Age","DateOfBirth"
"1","James","Williams","J","53","19/06/1972"
"2","Thomas","Hall","T","54","12/08/1971"
"3","Jennifer","Moore","J","28","09/04/1997"
"4","Jennifer","Taylor","J","39","14/02/1986"
"5","Maria","Miller","M","22","14/11/2003"
"6","Emily","Lopez","E","47","17/02/1978"
"7","James","Thomas","J","68","22/12/1957"
"8","Sean","Hernandez","S","51","16/07/1974"
"9","Anna","Davis","A","80","05/05/1945"
"10","Richard","Brown","R","63","14/05/1962"
"11","Daniel","Hall","D","36","04/11/1989"
"12","Emily","Miller","E","23","16/05/2002"
"13","William","Lopez","W","34","24/06/1991"
"14","Emily","Miller","E","72","22/01/1953"
"15","Lisa","Wilson","L","53","18/03/1972"
"16","David","Moore","D","56","19/02/1969"
"17","Sean","Jones","S","56","02/12/1969"
"18","Emma","Williams","E","39","28/04/1986"
"19","Jessica","Hernandez","J","76","17/04/1949"
"20","John","Jones","J","63","22/07/1962"
"21","Lisa","Moore","L","76","17/05/1949"
"22","Emily","Garcia","E","64","03/09/1961"
"23","Richard","Miller","R","33","08/01/1992"
"24","Maria","Miller","M","71","14/07/1954"
"25","Sean","Taylor","S","80","19/02/1945"
"26","Michael","Taylor","M","18","02/07/2007"
"27","Anna","Rodriguez","A","32","18/10/1993"
"28","William","Hall","W","30","27/10/1995"
"29","Jessica","Smith","J","32","06/04/1993"
"30","Elizabeth","Garcia","E","25","09/06/2000"
"31","Emma","Hernandez","E","77","05/04/1948"
"32","Sarah","Hernandez","S","61","14/06/1964"
"33","Michael","Anderson","M","64","27/01/1961"
"34","James","Johnson","J","38","01/08/1987"
"35","Robert","Garcia","R","47","12/07/1978"
"36","Elizabeth","Williams","E","51","09/07/1974"
"37","Anna","Davis","A","33","26/02/1992"
"38","Elizabeth","Miller","E","65","17/06/1960"
"39","Emily","Taylor","E","45","27/09/1980"
"40","John","Pompeii","J","45","13/10/1980"
"41","Elizabeth","Rodriguez","E","64","30/03/1961"
"42","Elizabeth","Davis","E","26","30/04/1999"
"43","Thomas","Anderson","T","45","29/10/1980"
"44","Elizabeth","Hall","E","80","12/08/1945"
"45","Jessica","Gonzalez","J","31","20/04/1994"
"46","David","Taylor","D","66","08/03/1959"
"47","David","Martinez","D","31","27/05/1994"
"48","Maria","Jones","M","78","29/07/1947"
"49","James","Brown","J","40","13/12/1985"
"50","Jennifer","Jones","J","77","25/02/1948"
"51","Thomas","Johnson","T","18","20/07/2007"
"52","Richard","Davis","R","18","06/08/2007"
"53","John","Pompeii","J","41","20/03/1984"
"54","John","Hernandez","J","58","11/01/1967"
"55","Jessica","Davis","J","47","30/09/1978"
"56","Jennifer","Williams","J","47","25/11/1978"
"57","Emma","Williams","E","73","04/11/1952"
"58","Elizabeth","Taylor","E","40","24/06/1985"
"59","Maria","Brown","M","32","28/11/1993"
"60","Daniel","Hernandez","D","39","22/02/1986"
"61","Lisa","Rodriguez","L","59","17/03/1966"
"62","Emma","Gonzalez","E","70","29/01/1955"
"63","Anna","Davis","A","77","26/06/1948"
"64","Lisa","Moore","L","26","03/07/1999"
"65","Richard","Williams","R","75","07/07/1950"
"66","Elizabeth","Jones","E","35","03/08/1990"
"67","Emma","Williams","E","53","09/04/1972"
"68","Jennifer","Lopez","J","27","02/07/1998"
"69","John","Smith","J","45","23/03/1980"
"70","Michael","Davis","M","22","03/08/2003"
"71","Elizabeth","Brown","E","72","28/03/1953"
"72","Richard","Moore","R","77","24/03/1948"
"73","Jennifer","Hall","J","71","05/04/1954"
"74","Michael","Wilson","M","64","17/02/1961"
"75","Emma","Smith","E","35","25/03/1990"
"76","Michael","Martinez","M","35","02/12/1990"
"77","Sean","Davis","S","32","12/09/1993"
"78","David","Moore","D","56","27/06/1969"
"79","Sarah","Rodriguez","S","67","05/08/1958"
"80","Anna","Jones","A","78","27/01/1947"
"81","Lisa","Smith","L","51","24/06/1974"
"82","Maria","Johnson","M","25","19/03/2000"
"83","James","Smith","J","58","02/07/1967"
"84","Daniel","Lopez","D","80","27/06/1945"
"85","James","Thomas","J","29","28/01/1996"
"86","John","Taylor","J","33","04/09/1992"
"87","Sean","Gonzalez","S","41","26/09/1984"
"88","William","Taylor","W","38","19/09/1987"
"89","Sasha","Smith","S","38","11/10/1987"
"90","James","Brown","J","45","23/11/1980"
"91","Emma","Taylor","E","30","15/04/1995"
"92","Jessica","Hernandez","J","63","26/07/1962"
"93","Elizabeth","Williams","E","77","17/08/1948"
"94","James","Rodriguez","J","42","30/07/1983"
"95","Daniel","Miller","D","23","25/04/2002"
"96","Jessica","Anderson","J","66","31/12/1959"
"97","James","Hall","J","48","26/03/1977"
"98","Sean","Brown","S","50","17/01/1975"
"99","Jessica","Moore","J","36","15/03/1989"
"100","Elizabeth","Garcia","E","18","17/09/2007"
